{
  "manifest": {
    "publishingInformation": {
      "locales": {
        "es-MX": {
          "summary": "alexa skill clima",
          "examplePhrases": [
            "Alexa, Abre clima armando",
            "clima puebla",
            "dime el clima puebla"
          ],
          "keywords": [],
          "name": "clima-utxj-210124",
          "description": "alexia skill amazon para clima",
          "smallIconUri": "file://assets/images/es-MX_smallIconUri.png",
          "largeIconUri": "file://assets/images/es-MX_largeIconUri.png"
        }
      },
      "automaticDistribution": {
        "isActive": false
      },
      "isAvailableWorldwide": true,
      "testingInstructions": "{\"ask_dist_username\":\"armando\",\"ask_dist_password\":\"1234\",\"ask_dist_testing_instructions\":\"Sample Testing Instructions.gdfgfds\"}",
      "category": "CHILDRENS_CREATIVITY",
      "distributionCountries": []
    },
    "apis": {
      "custom": {
        "endpoint": {
          "uri": "arn:aws:lambda:us-east-1:203918889126:function:7a7aac56-bfbc-40f9-b727-5370cfdb4e47:Release_0"
        },
        "interfaces": [],
        "locales": {},
        "regions": {
          "EU": {
            "endpoint": {
              "uri": "arn:aws:lambda:eu-west-1:203918889126:function:7a7aac56-bfbc-40f9-b727-5370cfdb4e47:Release_0"
            }
          },
          "NA": {
            "endpoint": {
              "uri": "arn:aws:lambda:us-east-1:203918889126:function:7a7aac56-bfbc-40f9-b727-5370cfdb4e47:Release_0"
            }
          },
          "FE": {
            "endpoint": {
              "uri": "arn:aws:lambda:us-west-2:203918889126:function:7a7aac56-bfbc-40f9-b727-5370cfdb4e47:Release_0"
            }
          }
        }
      }
    },
    "manifestVersion": "1.0",
    "privacyAndCompliance": {
      "allowsPurchases": false,
      "locales": {
        "es-MX": {}
      },
      "containsAds": false,
      "isExportCompliant": true,
      "isChildDirected": false,
      "shoppingKit": {
        "isShoppingActionsEnabled": false,
        "isAmazonAssociatesOnAlexaEnabled": false
      },
      "usesPersonalInfo": false
    }
  }
}