{
  "manifest": {
    "publishingInformation": {
      "locales": {
        "es-MX": {
          "summary": "prcatica clima skill",
          "examplePhrases": [
            "Alexa, Abre karen clima",
            "cual es la temperatura",
            "a cuantos grados estamos"
          ],
          "keywords": [
            "clima",
            "tiempo",
            "temperatura",
            "frio",
            "calor"
          ],
          "name": "Clima",
          "description": "configuracion de skills para alexa, parctica universidad",
          "smallIconUri": "file://assets/images/es-MX_smallIconUri.png",
          "largeIconUri": "file://assets/images/es-MX_largeIconUri.png"
        }
      },
      "automaticDistribution": {
        "isActive": false
      },
      "isAvailableWorldwide": true,
      "testingInstructions": "{\"ask_dist_username\":\"\",\"ask_dist_password\":\"\",\"ask_dist_testing_instructions\":\"Sample Testing Instructions.\"}",
      "category": "WEATHER",
      "distributionCountries": []
    },
    "apis": {
      "custom": {
        "endpoint": {
          "uri": "arn:aws:lambda:us-east-1:376129873105:function:debbbe8f-1930-4e4a-a942-8391603d32a2:Release_0"
        },
        "interfaces": [],
        "locales": {},
        "regions": {
          "EU": {
            "endpoint": {
              "uri": "arn:aws:lambda:eu-west-1:376129873105:function:debbbe8f-1930-4e4a-a942-8391603d32a2:Release_0"
            }
          },
          "NA": {
            "endpoint": {
              "uri": "arn:aws:lambda:us-east-1:376129873105:function:debbbe8f-1930-4e4a-a942-8391603d32a2:Release_0"
            }
          },
          "FE": {
            "endpoint": {
              "uri": "arn:aws:lambda:us-west-2:376129873105:function:debbbe8f-1930-4e4a-a942-8391603d32a2:Release_0"
            }
          }
        }
      }
    },
    "manifestVersion": "1.0",
    "privacyAndCompliance": {
      "allowsPurchases": false,
      "locales": {
        "es-MX": {}
      },
      "containsAds": false,
      "isExportCompliant": true,
      "isChildDirected": false,
      "shoppingKit": {
        "isShoppingActionsEnabled": false,
        "isAmazonAssociatesOnAlexaEnabled": false
      },
      "usesPersonalInfo": false
    }
  }
}